{"ground_motion": [0, 9442.7060546875], "grid_num": [0, 8.0], "coord": [0, 7.0], "period": [0, 1.5535000562667847], "modal_shape": [0, 7.802000045776367], "elem_length": [0, 8.0], "acc": [0, 35359.828125], "vel": [0, 2461.0], "disp": [0, 919.4000244140625], "momentY": [0, 2552000.0], "momentZ": [0, 2552083.0], "shearY": [0, 1100.0], "shearZ": [0, 1090.0]}