{
    "ground_motion": 9442.7060546875,
    "grid_num": 8.0,
    "coord": 7.0,
    "period": 1.580899953842163,
    "modal_shape": 7.78000020980835,
    "elem_length": 8.0,
    "acc": 34430.0,
    "vel": 2680.0,
    "disp": 773.5999755859375,
    "moment": 2552083.0,
    "shear": 1119.0
}